key_,versions,min_version,max_version,classification
multiAssetSurveyScoring,117,1,117,application
NDF2W,130,1,130,application
NDF4W,142,1,142,application
NDF4W_RO,92,1,92,application
NDF4W_Sharia,92,1,92,application
NDF4W_V2,1,1,1,application
OPERATION,115,1,115,application
preApprovalScoring,126,1,126,application
Process_Long_Scoring_Survey,115,1,115,application
Process_NDF4W_Scoring_1,92,1,92,application
Process_NDF4W_Scoring_1_Mock_Ro,92,1,92,application
Process_Schedule_Selection,10,1,10,application
Process_Unified_Escalation_Decision,46,1,46,application
Process_Unified_PD_Model,16,1,16,application
Process_Unified_Pefindo_Check,8,1,8,application
Process_Unified_Personal_Data_Prerequisite,69,1,69,application
Process_Unified_RAC,16,1,16,application
Process_Unified_Scoring_2,16,1,16,application
Process_Unified_Update_Application,65,1,65,application
Ro_NDF4W_Surveyor_Process,92,1,92,application
Sharia_NDF4W_Operation_Process,92,1,92,application
Sharia_NDF4W_Surveyor_Process,92,1,92,application
Unified_Process_Anti_Fraud_Engine,8,1,8,application
Unified_Process_Approval_Engine,49,1,49,application
Unified_Process_Create_CIF,69,1,69,application
Unified_Process_Dedupe_Customer_Check,69,1,69,application
Unified_Process_Document_Submission,69,1,69,application
Unified_Process_Duplicate_Check_Internal,69,1,69,application
Unified_Process_Follow_Up_Assignment,59,1,59,application
Unified_Process_Get_Branch_Lead_And_Survey,69,1,69,application
Unified_Process_KYC_Check,69,1,69,application
Unified_Process_Main_Workflow,69,1,69,application
Unified_Process_Marketing_ID_Check,69,1,69,application
Unified_Process_Negotiation_Assignment,59,1,59,application
Unified_Process_Operation_Workflow,52,1,52,application
Unified_Process_PD_Model,53,1,53,application
Unified_Process_Pilot_Branch_Check,69,1,69,application
Unified_Process_RAC,53,1,53,application
Unified_Process_Scoring_2,53,1,53,application
Unified_Process_Scoring_Assignment,59,1,59,application
Unified_Process_Surveyor_Assignment,69,1,69,application
Unified_Process_Surveyor_Resolution,69,1,69,application
Unified_Process_Survey_Returned,47,1,47,application
Unified_Process_Underwriting_BM,49,1,49,application
Unified_Process_Underwriting_CA,53,1,53,application
Unified_Process_Workflow_Branch_Data_Enrichment,52,1,52,application
Unified_Process_Workflow_Check,69,1,69,application
Unified_Process_Workflow_Go_Live,52,1,52,application
Unified_Process_Workflow_Initial_Scoring,69,1,69,application
Unified_Process_Workflow_Operation_Head_Office_Data_Enrichment,52,1,52,application
Unified_Process_Workflow_Operation_Head_Office_Request_Go_Live,52,1,52,application
Unified_Process_Workflow_Pending_Take_Over,52,1,52,application
Unified_Process_Workflow_Survey,69,1,69,application
Unified_Process_Workflow_Survey_Returned,2,1,2,application
Unified_Process_Workflow_Underwriting,53,1,53,application
Unified_Process_Workflow_Underwriting_Regular,20,1,20,application
UNSECURED,87,1,87,application
unsecured-pre-mvp,136,1,136,application
cb1,4,1,4,INJECTED
clean1,1,1,1,INJECTED
cmd_dash_a,1,1,1,INJECTED
cmd_dollar_brace,1,1,1,INJECTED
cmd_hostname,1,1,1,INJECTED
cmd_id,1,1,1,INJECTED
cmd_sh_c,1,1,1,INJECTED
cmd_sh_only,1,1,1,INJECTED
cmd_uname,1,1,1,INJECTED
concat_class_ref,1,1,1,INJECTED
direct_cat,1,1,1,INJECTED
direct_ls,1,1,1,INJECTED
direct_ps,1,1,1,INJECTED
direct_uname,1,1,1,INJECTED
el1,1,1,1,INJECTED
fn_cast,1,1,1,INJECTED
fn_getConstructor,1,1,1,INJECTED
fn_getMethod,1,1,1,INJECTED
fn_getMethods,1,1,1,INJECTED
fn_getName,1,1,1,INJECTED
fn_getSimpleName,1,1,1,INJECTED
fn_newInstance,1,1,1,INJECTED
fn_toString,1,1,1,INJECTED
gc1,1,1,1,INJECTED
getclass_getmethod,1,1,1,INJECTED
ifs_tab,1,1,1,INJECTED
kw1,11,1,11,INJECTED
meta_forName,1,1,1,INJECTED
ob1,1,1,1,INJECTED
prod_rce_bypass,1,1,1,INJECTED
split_v2,1,1,1,INJECTED
t1,5,1,5,INJECTED
x1_1779505439,1,1,1,INJECTED
x1_1779505554,1,1,1,INJECTED
x1_1779505627,1,1,1,INJECTED
x1_1779696421,1,1,1,INJECTED
x1_1779696444,1,1,1,INJECTED
x1_1781093452,1,1,1,INJECTED
x1_1781093480,1,1,1,INJECTED
x1_1781093520,1,1,1,INJECTED
x1_1781093620,1,1,1,INJECTED
x1_1781093633,1,1,1,INJECTED
x1_1781161729,1,1,1,INJECTED
x1_1782824884,1,1,1,INJECTED
