procdef_id,key_,version_,procdef_name,resource_name_,deployment_id_,suspension_state_,history_ttl_,tenant_id_,version_tag_,startable_,deployment_name,deploy_time_,deployment_source
clean1:1:2304094f-5652-11f1-83ae-f28d8745614f,clean1,1,,clean.bpmn,23005fcd-5652-11f1-83ae-f28d8745614f,1,90,,,True,test1,2026-05-23 02:50:19.973000,
el1:1:231b8907-5652-11f1-83ae-f28d8745614f,el1,1,,el.bpmn,2319db55-5652-11f1-83ae-f28d8745614f,1,90,,,True,test2,2026-05-23 02:50:20.140000,
gc1:1:236849af-5652-11f1-83ae-f28d8745614f,gc1,1,,gc.bpmn,236626cd-5652-11f1-83ae-f28d8745614f,1,90,,,True,test3,2026-05-23 02:50:20.640000,
ob1:1:238fa712-5652-11f1-83ae-f28d8745614f,ob1,1,,ob.bpmn,238dd250-5652-11f1-83ae-f28d8745614f,1,90,,,True,test5,2026-05-23 02:50:20.900000,
kw1:1:23af6415-5652-11f1-83ae-f28d8745614f,kw1,1,,getClass.bpmn,23ae0483-5652-11f1-83ae-f28d8745614f,1,90,,,True,kw_getClass,2026-05-23 02:50:21.111000,
kw1:2:2410e51c-5652-11f1-83ae-f28d8745614f,kw1,2,,forName.bpmn,240ee94a-5652-11f1-83ae-f28d8745614f,1,90,,,True,kw_forName,2026-05-23 02:50:21.746000,
kw1:3:24249439-5652-11f1-83ae-f28d8745614f,kw1,3,,getMethod.bpmn,24230d97-5652-11f1-83ae-f28d8745614f,1,90,,,True,kw_getMethod,2026-05-23 02:50:21.878000,
kw1:4:2440a7bc-5652-11f1-83ae-f28d8745614f,kw1,4,,invoke.bpmn,243efa0a-5652-11f1-83ae-f28d8745614f,1,90,,,True,kw_invoke,2026-05-23 02:50:22.061000,
kw1:5:2453ba8f-5652-11f1-83ae-f28d8745614f,kw1,5,,getConstructor.bpmn,24520cdd-5652-11f1-83ae-f28d8745614f,1,90,,,True,kw_getConstructor,2026-05-23 02:50:22.186000,
kw1:6:2470434d-5652-11f1-83ae-f28d8745614f,kw1,6,,newInstance.bpmn,246e6e8b-5652-11f1-83ae-f28d8745614f,1,90,,,True,kw_newInstance,2026-05-23 02:50:22.372000,
kw1:7:24acd721-5652-11f1-83ae-f28d8745614f,kw1,7,,getInputStream.bpmn,24ab025f-5652-11f1-83ae-f28d8745614f,1,90,,,True,kw_getInputStream,2026-05-23 02:50:22.769000,
kw1:8:258ed2f3-5652-11f1-83ae-f28d8745614f,kw1,8,,readAllBytes.bpmn,258cd721-5652-11f1-83ae-f28d8745614f,1,90,,,True,kw_readAllBytes,2026-05-23 02:50:24.249000,
kw1:9:2600f5d9-5652-11f1-83ae-f28d8745614f,kw1,9,,concat.bpmn,25ff4827-5652-11f1-83ae-f28d8745614f,1,90,,,True,kw_concat,2026-05-23 02:50:24.999000,
kw1:10:265111c5-5652-11f1-83ae-f28d8745614f,kw1,10,,getRuntime.bpmn,264f6411-5652-11f1-83ae-f28d8745614f,1,90,,,True,kw_getRuntime,2026-05-23 02:50:25.524000,
kw1:11:27034a0e-5652-11f1-83ae-f28d8745614f,kw1,11,,[B.bpmn,2701754c-5652-11f1-83ae-f28d8745614f,1,90,,,True,kw_[B,2026-05-23 02:50:26.691000,
cb1:1:2774f7ef-5652-11f1-83ae-f28d8745614f,cb1,1,,cb.bpmn,27734a3d-5652-11f1-83ae-f28d8745614f,1,90,,,True,cb,2026-05-23 02:50:27.437000,
cb1:2:27a9eabb-5652-11f1-83ae-f28d8745614f,cb1,2,,cb.bpmn,27a83d09-5652-11f1-83ae-f28d8745614f,1,90,,,True,cb,2026-05-23 02:50:27.784000,
cb1:3:27eac45e-5652-11f1-83ae-f28d8745614f,cb1,3,,cb.bpmn,27e916ac-5652-11f1-83ae-f28d8745614f,1,90,,,True,cb,2026-05-23 02:50:28.209000,
cb1:4:281eccc6-5652-11f1-83ae-f28d8745614f,cb1,4,,cb.bpmn,281cd0f2-5652-11f1-83ae-f28d8745614f,1,90,,,True,cb,2026-05-23 02:50:28.548000,
t1:1:49083e69-5652-11f1-83ae-f28d8745614f,t1,1,,A_getClass.bpmn,490690b2-5652-11f1-83ae-f28d8745614f,1,90,,,True,A_getClass,2026-05-23 02:51:23.767000,
t1:2:49319871-5652-11f1-83ae-f28d8745614f,t1,2,,B_getClass_forName_B.bpmn,493011cf-5652-11f1-83ae-f28d8745614f,1,90,,,True,B_getClass_forName_B,2026-05-23 02:51:24.039000,
t1:3:495b8ead-5652-11f1-83ae-f28d8745614f,t1,3,,C_getConstructor.bpmn,495a080b-5652-11f1-83ae-f28d8745614f,1,90,,,True,C_getConstructor,2026-05-23 02:51:24.314000,
t1:4:498e1075-5652-11f1-83ae-f28d8745614f,t1,4,,D_newInstance.bpmn,498c89d3-5652-11f1-83ae-f28d8745614f,1,90,,,True,D_newInstance,2026-05-23 02:51:24.645000,
t1:5:49aeb7d8-5652-11f1-83ae-f28d8745614f,t1,5,,E_forName_obfusc.bpmn,49acbc06-5652-11f1-83ae-f28d8745614f,1,90,,,True,E_forName_obfusc,2026-05-23 02:51:24.856000,
fn_getName:1:b41e084e-5652-11f1-b844-2660c280cffd,fn_getName,1,,fn_getName.bpmn,b417789c-5652-11f1-b844-2660c280cffd,1,90,,,True,fn_getName,2026-05-23 02:54:23.394000,
fn_getSimpleName:1:b443b8d7-5652-11f1-b844-2660c280cffd,fn_getSimpleName,1,,fn_getSimpleName.bpmn,b4405d75-5652-11f1-b844-2660c280cffd,1,90,,,True,fn_getSimpleName,2026-05-23 02:54:23.662000,
fn_toString:1:b45f090a-5652-11f1-b844-2660c280cffd,fn_toString,1,,fn_toString.bpmn,b45c22d8-5652-11f1-b844-2660c280cffd,1,90,,,True,fn_toString,2026-05-23 02:54:23.844000,
fn_getMethods:1:b4780f52-5652-11f1-b844-2660c280cffd,fn_getMethods,1,,fn_getMethods.bpmn,b472df30-5652-11f1-b844-2660c280cffd,1,90,,,True,fn_getMethods,2026-05-23 02:54:23.993000,
fn_getMethod:1:b490c775-5652-11f1-b844-2660c280cffd,fn_getMethod,1,,fn_getMethod.bpmn,b48b7043-5652-11f1-b844-2660c280cffd,1,90,,,True,fn_getMethod,2026-05-23 02:54:24.154000,
fn_getConstructor:1:b4a6c078-5652-11f1-b844-2660c280cffd,fn_getConstructor,1,,fn_getConstructor.bpmn,b4a44f76-5652-11f1-b844-2660c280cffd,1,90,,,True,fn_getConstructor,2026-05-23 02:54:24.317000,
fn_newInstance:1:b4bc444b-5652-11f1-b844-2660c280cffd,fn_newInstance,1,,fn_newInstance.bpmn,b4b9ac39-5652-11f1-b844-2660c280cffd,1,90,,,True,fn_newInstance,2026-05-23 02:54:24.457000,
fn_cast:1:b4d7465e-5652-11f1-b844-2660c280cffd,fn_cast,1,,fn_cast.bpmn,b4d4391c-5652-11f1-b844-2660c280cffd,1,90,,,True,fn_cast,2026-05-23 02:54:24.631000,
concat_class_ref:1:b4fafb01-5652-11f1-b844-2660c280cffd,concat_class_ref,1,,concat_class_ref.bpmn,b4f862ef-5652-11f1-b844-2660c280cffd,1,90,,,True,concat_class_ref,2026-05-23 02:54:24.868000,
split_v2:1:b50fbb84-5652-11f1-b844-2660c280cffd,split_v2,1,,split_v2.bpmn,b50d2372-5652-11f1-b844-2660c280cffd,1,90,,,True,split_v2,2026-05-23 02:54:25.004000,
meta_forName:1:b52da3c7-5652-11f1-b844-2660c280cffd,meta_forName,1,,meta_forName.bpmn,b52ae4a5-5652-11f1-b844-2660c280cffd,1,90,,,True,meta_forName,2026-05-23 02:54:25.199000,
getclass_getmethod:1:b543008a-5652-11f1-b844-2660c280cffd,getclass_getmethod,1,,getclass_getmethod.bpmn,b5406878-5652-11f1-b844-2660c280cffd,1,90,,,True,getclass_getmethod,2026-05-23 02:54:25.340000,
prod_rce_bypass:1:d380b30f-5652-11f1-b844-2660c280cffd,prod_rce_bypass,1,,prod_rce_bypass.bpmn,d37e691d-5652-11f1-b844-2660c280cffd,1,90,,,True,prod_rce_bypass,2026-05-23 02:55:16.078000,
x1_1779505439:1:0b921285-5654-11f1-b844-2660c280cffd,x1_1779505439,1,,x1_1779505439.bpmn,0b9064d3-5654-11f1-b844-2660c280cffd,1,90,,,True,x1_1779505439,2026-05-23 03:03:59.645000,
cmd_hostname:1:4a2d24a9-5654-11f1-b844-2660c280cffd,cmd_hostname,1,,cmd_hostname.bpmn,4a2b76f7-5654-11f1-b844-2660c280cffd,1,90,,,True,cmd_hostname,2026-05-23 03:05:44.679000,
cmd_id:1:4a5238e3-5654-11f1-b844-2660c280cffd,cmd_id,1,,cmd_id.bpmn,4a508b31-5654-11f1-b844-2660c280cffd,1,90,,,True,cmd_id,2026-05-23 03:05:44.923000,
cmd_uname:1:4a68a71d-5654-11f1-b844-2660c280cffd,cmd_uname,1,,cmd_uname.bpmn,4a66f964-5654-11f1-b844-2660c280cffd,1,90,,,True,cmd_uname,2026-05-23 03:05:45.070000,
cmd_sh_c:1:4a7d198d-5654-11f1-b844-2660c280cffd,cmd_sh_c,1,,cmd_sh_c.bpmn,4a7bb9fb-5654-11f1-b844-2660c280cffd,1,90,,,True,cmd_sh_c,2026-05-23 03:05:45.206000,
cmd_sh_only:1:4a920120-5654-11f1-b844-2660c280cffd,cmd_sh_only,1,,cmd_sh_only.bpmn,4a902c5e-5654-11f1-b844-2660c280cffd,1,90,,,True,cmd_sh_only,2026-05-23 03:05:45.340000,
cmd_dollar_brace:1:4abfeef3-5654-11f1-b844-2660c280cffd,cmd_dollar_brace,1,,cmd_dollar_brace.bpmn,4abe4141-5654-11f1-b844-2660c280cffd,1,90,,,True,cmd_dollar_brace,2026-05-23 03:05:45.642000,
cmd_dash_a:1:4ad524a6-5654-11f1-b844-2660c280cffd,cmd_dash_a,1,,cmd_dash_a.bpmn,4ad2dab4-5654-11f1-b844-2660c280cffd,1,90,,,True,cmd_dash_a,2026-05-23 03:05:45.777000,
x1_1779505554:1:4ff84bec-5654-11f1-b844-2660c280cffd,x1_1779505554,1,,x1_1779505554.bpmn,4ff69e3a-5654-11f1-b844-2660c280cffd,1,90,,,True,x1_1779505554,2026-05-23 03:05:54.400000,
ifs_tab:1:6e1be71c-5654-11f1-b844-2660c280cffd,ifs_tab,1,,ifs_tab.bpmn,6e1a396a-5654-11f1-b844-2660c280cffd,1,90,,,True,ifs_tab,2026-05-23 03:06:44.965000,
direct_uname:1:709217e7-5654-11f1-b844-2660c280cffd,direct_uname,1,,direct_uname.bpmn,708fcdf5-5654-11f1-b844-2660c280cffd,1,90,,,True,direct_uname,2026-05-23 03:06:49.090000,
direct_cat:1:72ebe5bc-5654-11f1-b844-2660c280cffd,direct_cat,1,,direct_cat.bpmn,72ea10fa-5654-11f1-b844-2660c280cffd,1,90,,,True,direct_cat,2026-05-23 03:06:53.038000,
direct_ls:1:75423238-5654-11f1-b844-2660c280cffd,direct_ls,1,,direct_ls.bpmn,7540ab96-5654-11f1-b844-2660c280cffd,1,90,,,True,direct_ls,2026-05-23 03:06:56.961000,
direct_ps:1:779d38eb-5654-11f1-b844-2660c280cffd,direct_ps,1,,direct_ps.bpmn,779b6429-5654-11f1-b844-2660c280cffd,1,90,,,True,direct_ps,2026-05-23 03:07:00.911000,
x1_1779505627:1:7b991f31-5654-11f1-b844-2660c280cffd,x1_1779505627,1,,x1_1779505627.bpmn,7b97717f-5654-11f1-b844-2660c280cffd,1,90,,,True,x1_1779505627,2026-05-23 03:07:07.596000,
x1_1779696421:1:b6233ee7-5810-11f1-91eb-8234d71ec138,x1_1779696421,1,,x1_1779696421.bpmn,b61f6e55-5810-11f1-91eb-8234d71ec138,1,90,,,True,x1_1779696421,2026-05-25 08:07:02.343000,
x1_1779696444:1:c37c250c-5810-11f1-91eb-8234d71ec138,x1_1779696444,1,,x1_1779696444.bpmn,c37a775a-5810-11f1-91eb-8234d71ec138,1,90,,,True,x1_1779696444,2026-05-25 08:07:24.750000,
x1_1781093452:1:6d6e350e-64c5-11f1-b6ed-5a14742b6da0,x1_1781093452,1,,x1_1781093452.bpmn,6d6a8b8c-64c5-11f1-b6ed-5a14742b6da0,1,90,,,True,x1_1781093452,2026-06-10 12:10:53.223000,
x1_1781093480:1:7e15aa61-64c5-11f1-b6ed-5a14742b6da0,x1_1781093480,1,,x1_1781093480.bpmn,7e13fcaf-64c5-11f1-b6ed-5a14742b6da0,1,90,,,True,x1_1781093480,2026-06-10 12:11:21.176000,
x1_1781093520:1:95b18536-64c5-11f1-b6ed-5a14742b6da0,x1_1781093520,1,,x1_1781093520.bpmn,95affe94-64c5-11f1-b6ed-5a14742b6da0,1,90,,,True,x1_1781093520,2026-06-10 12:12:00.787000,
x1_1781093620:1:d1454a7e-64c5-11f1-b6ed-5a14742b6da0,x1_1781093620,1,,x1_1781093620.bpmn,d143eaec-64c5-11f1-b6ed-5a14742b6da0,1,90,,,True,x1_1781093620,2026-06-10 12:13:40.742000,
x1_1781093633:1:d93b67d2-64c5-11f1-b6ed-5a14742b6da0,x1_1781093633,1,,x1_1781093633.bpmn,d939e130-64c5-11f1-b6ed-5a14742b6da0,1,90,,,True,x1_1781093633,2026-06-10 12:13:54.098000,
x1_1781161729:1:65e29894-6564-11f1-b090-8a5f6f8381cf,x1_1781161729,1,,x1_1781161729.bpmn,65deef10-6564-11f1-b090-8a5f6f8381cf,1,90,,,True,x1_1781161729,2026-06-11 07:08:50.544000,
x1_1782824884:1:bb0862a5-7484-11f1-b24d-46c802fe1cdc,x1_1782824884,1,,x1_1782824884.bpmn,bb04b923-7484-11f1-b24d-46c802fe1cdc,1,90,,,True,x1_1782824884,2026-06-30 13:08:04.735000,
