session_minute,definitions,first_name,last_name
2026-05-23 02:50:00,19,cb,test5
2026-05-23 02:51:00,5,A_getClass,E_forName_obfusc
2026-05-23 02:54:00,12,concat_class_ref,split_v2
2026-05-23 02:55:00,1,prod_rce_bypass,prod_rce_bypass
2026-05-23 03:03:00,1,x1_1779505439,x1_1779505439
2026-05-23 03:05:00,8,cmd_dash_a,x1_1779505554
2026-05-23 03:06:00,4,direct_cat,ifs_tab
2026-05-23 03:07:00,2,direct_ps,x1_1779505627
2026-05-25 08:07:00,2,x1_1779696421,x1_1779696444
2026-06-10 12:10:00,1,x1_1781093452,x1_1781093452
2026-06-10 12:11:00,1,x1_1781093480,x1_1781093480
2026-06-10 12:12:00,1,x1_1781093520,x1_1781093520
2026-06-10 12:13:00,2,x1_1781093620,x1_1781093633
2026-06-11 07:08:00,1,x1_1781161729,x1_1781161729
2026-06-30 13:08:00,1,x1_1782824884,x1_1782824884
