GET	/bpm/v1/surveyor/download/{p}	774905
GET	/bpm/v1/operation/download/{p}	596668
GET	/bpm/v1/surveyor-assignment/surveyor/{p}	483006
GET	/bpm/v2/surveyor-assignment-form-tab/assignment/{p}	400699
GET	/bpm/v1/partnership-configuration/feature-configuration	397310
GET	/bpm/v1/surveyor-assignment-personal-data/assignment/{p}	353057
GET	/bpm/v1/application-document-tracking	240302
GET	/bpm/v1/master/general/group	237869
GET	/bpm/v2/application/{p}	232737
GET	/bpm/v1/application/{p}	228574
GET	/bpm/v1/operation-assignment/application/{p}	225533
GET	/bpm/v1/surveyor-assignment-pending/assignment/{p}	223172
POST	/bpm/v1/surveyor/upload	216513
GET	/bpm/v1/auth/user-info	205985
GET	/bpm/v1/surveyor-assignment/application/{p}	186923
GET	/bpm/v1/surveyor-assignment/surveyor/filter	183249
GET	/bpm/v1/resource-schedules	173239
GET	/bpm/v1/surveyor/contents/released	168775
GET	/bpm/v1/surveyor-assignment-manual-kyc/scoring/assignment/{p}	141155
GET	/bpm/v2/operation-assignment/request-go-live/global/assignment	133461
POST	/bpm/v1/surveyor-activity-report	126676
GET	/bpm/v1/surveyor/summary	122176
GET	/bpm/v1/insurance-approval/status/{p}	118365
GET	/bpm/v1/surveyor-assignment-status-history/{p}	112202
GET	/bpm/v1/surveyor-assignment-form-tab/assignment/surveyor/{p}	112050
GET	/bpm/v1/surveyor-assignment-long-survey/multi-asset/application/{p}	111699
PUT	/bpm/v1/surveyor-assignment/loaded-update	107803
GET	/bpm/v1/underwritings/inbox	101338
GET	/bpm/v1/surveyor/summary/head-surveyor/filter	100217
GET	/bpm/v1/master/general/multiple	99072
GET	/bpm/v1/operation-assignment-asset-document-data/assignment/{p}	90722
GET	/bpm/v1/operation-assignment-check-nst/assignment/{p}/history	88827
GET	/bpm/v1/underwritings/config	88260
GET	/bpm/v1/master/general	85254
GET	/bpm/v1/branch/check-r3-eligibility	81021
GET	/bpm/v1/operation-assignment-check-nst/branch-eligibility	78356
GET	/bpm/v1/operation/assignment/{p}/take-over	77002
GET	/bpm/v1/surveyor-assignment-physical-document/assignment/{p}	76945
PUT	/bpm/v2/surveyor-assignment-form-tab/assignment/{p}	73179
GET	/bpm/v1/underwritings/{p}/return-notes/history	72867
GET	/bpm/v1/underwritings/{p}/hold-history	72018
GET	/bpm/v2/operation-assignment/tracking	67583
GET	/bpm/v1/underwritings/approval/alternate-bm	64650
GET	/bpm/v1/underwritings/{p}/anti-fraud-suspicious-result	64449
GET	/bpm/v1/underwritings/{p}/approval/assets	62817
GET	/bpm/v1/surveyor-assignment-source-checking/assignment/{p}	62302
GET	/bpm/v1/underwritings/{p}/obligor	60428
GET	/bpm/v1/surveyor/summary/head-surveyor/subordinate	58658
GET	/bpm/v2/operation-assignment/data-enrichment/branch/my/assignment	57265
PUT	/bpm/v1/surveyor-assignment-form-tab	56727
GET	/bpm/v1/surveyor-assignment/{p}	56704
GET	/bpm/v1/underwritings/{p}/assignment/document	54967
GET	/bpm/v3/underwritings/return-notes/applications/{p}	54374
GET	/bpm/v2/operation-assignment/data-enrichment/head-office/global/assignment	52919
GET	/bpm/v1/underwritings/assignments	51533
GET	/bpm/v1/underwritings/download/{p}/{p}	51295
GET	/bpm/v1/surveyor-assignment-occupation-data/assignment/{p}	51211
GET	/bpm/v1/surveyor-assignment-document-sign/assignment/surveyor/{p}	51209
GET	/bpm/v1/underwritings/{p}/approval/summary	49641
GET	/bpm/v1/underwritings/{p}/surveyor-assignment/{p}/sate	48699
GET	/bpm/v1/surveyor-assignment/surveyor/history	48627
GET	/bpm/v1/head-surveyor/summary	48557
PUT	/bpm/v1/surveyor-assignment-collateral-information	46548
PUT	/bpm/v1/surveyor-assignment-personal-data	46406
GET	/bpm/v1/underwritings/{p}/assignment/document/additional	46349
GET	/bpm/v1/underwritings/{p}/assignment/document/business-information	46340
GET	/bpm/v1/underwritings/{p}/assignment/document/customer	46330
PUT	/bpm/v1/surveyor-assignment-form-tab/active-page	45840
GET	/bpm/v1/underwritings/summary/applications/{p}/application-information	45591
GET	/bpm/v2/underwritings/{p}/assignment/document/summary	45462
GET	/bpm/v2/operation-assignment/data-enrichment/branch/check/my/assignment	45454
GET	/bpm/v1/underwritings/{p}/surveyor-assignment/{p}/personal-data	44815
GET	/bpm/v2/surveyor-assignment-collateral-information/{p}	40547
GET	/bpm/v2/operation-assignment/request-go-live/my/assignment	39940
PUT	/bpm/v2/surveyor-assignment-personal-data	38842
GET	/bpm/v2/operation-assignment-asset-document-data/assignment/{p}/photo	37208
GET	/bpm/v1/master/general/home-owner	36749
GET	/bpm/v1/operation-assignment-funding-information/assignment/{p}	36738
GET	/bpm/v1/underwritings/{p}/approval/approver-candidates	36503
GET	/bpm/v1/underwritings/histories	34979
GET	/bpm/v1/surveyor-assignment-guarantor-data/assignment/{p}	34431
GET	/bpm/v1/underwritings/credit-scoring-result	34340
GET	/bpm/v2/underwritings/{p}/assignment/review/detail/regular	32737
GET	/bpm/v1/underwritings/{p}/approval	32706
PUT	/bpm/v1/surveyor-assignment/survey-start	32564
GET	/bpm/v1/operation-notification/branch	32460
PUT	/bpm/v1/surveyor-assignment-long-survey/multi-asset/{p}	32023
GET	/bpm/v1/negative-list/asset-check/result/application/{p}	30679
POST	/bpm/v1/surveyor-assignment-scoring	30662
POST	/bpm/v1/operation/upload	30185
PUT	/bpm/v1/application-document-tracking	30036
GET	/bpm/v1/operation-underwriting/approvals	28847
GET	/bpm/v1/branch/bravo	28771
GET	/bpm/v1/rapindo/asset-check/result/application/{p}	28026
GET	/bpm/v2/surveyor-assignment/surveyor/filter-take-assignment	25614
PUT	/bpm/v2/surveyor-assignment-emergency-contact/list	25061
GET	/bpm/v1/users/detail/user	24031
GET	/bpm/v1/application/{p}/check-digital-partnership	21936
GET	/bpm/v1/branch/current-user	18354
GET	/bpm/v2/surveyor-assignment-emergency-contact/list/assignment/{p}	16862
POST	/bpm/v1/surveyor-assignment-request	14859
GET	/bpm/v1/operation-assignment/handlers	13877
GET	/bpm/v1/resource-schedules/availability	13442
GET	/bpm//v1/master/general/group	12996
GET	/bpm/v1/dupcheck-phone-number	12972
GET	/bpm/v1/document-analysis/assignments	10316
GET	/bpm/v1/pefindo-information/detail	10247
GET	/bpm//v1/internal/data-enums	9121
PATCH	/bpm/v1/survey-data/assignment/{p}	8597
GET	/bpm/v1/underwritings/download/general/{p}/{p}	8272
POST	/bpm/v1/underwritings/upload	7330
GET	/bpm/v1/application/undefined	6591
GET	/bpm/v2/lead-reserve	4400
POST	/bpm/v1/keycloak/logout	4172
GET	/bpm//v1/internal/data-generator	3636
DELETE	/bpm/v1/surveyor/document/delete	865
GET	/bpm//v1/master/general/document-type	649
GET	/bpm/v1/surveyor/download/null	56
